<?xml version="1.0"?>
<!DOCTYPE suppressions PUBLIC
        "-//Puppy Crawl//DTD Suppressions 1.1//EN"
        "http://www.puppycrawl.com/dtds/suppressions_1_1.dtd">

<suppressions>
  <!-- On Windows, Checkstyle matches files using \ path separator -->

  <!-- These files are generated by ANTLR so its silly to hold them to our rules. -->
  <suppress files="modules[/\\]lang-painless[/\\]src[/\\]main[/\\]java[/\\]org[/\\]elasticsearch[/\\]painless[/\\]antlr[/\\]PainlessLexer\.java" checks="." />
  <suppress files="modules[/\\]lang-painless[/\\]src[/\\]main[/\\]java[/\\]org[/\\]elasticsearch[/\\]painless[/\\]antlr[/\\]PainlessParser(|BaseVisitor|Visitor)\.java" checks="." />
  <suppress files="plugin[/\\]sql[/\\]src[/\\]main[/\\]java[/\\]org[/\\]elasticsearch[/\\]xpack[/\\]sql[/\\]parser[/\\]SqlBase(Base(Listener|Visitor)|Lexer|Listener|Parser|Visitor).java" checks="." />

  <!-- JNA requires the no-argument constructor on JNAKernel32Library.SizeT to be public-->
  <suppress files="server[/\\]src[/\\]main[/\\]java[/\\]org[/\\]elasticsearch[/\\]bootstrap[/\\]JNAKernel32Library.java" checks="RedundantModifier" />

  <!-- the constructors on some local classes in these tests must be public-->
  <suppress files="server[/\\]src[/\\]test[/\\]java[/\\]org[/\\]elasticsearch[/\\]plugins[/\\]PluginsServiceTests.java" checks="RedundantModifier" />

  <!-- Intentionally doesn't have a package declaration to test logging
    configuration of classes that aren't in packages. -->
  <suppress files="test[/\\]framework[/\\]src[/\\]test[/\\]java[/\\]Dummy.java" checks="PackageDeclaration" />

  <!-- Intentionally has long example curl commands to coinncide with sibling Painless tests. -->
  <suppress files="modules[/\\]lang-painless[/\\]src[/\\]test[/\\]java[/\\]org[/\\]elasticsearch[/\\]painless[/\\]ContextExampleTests.java" checks="LineLength" />

  <!--
    Truly temporary suppressions suppression of snippets included in
    documentation that are so wide that they scroll.
  -->
  <suppress files="client[/\\]rest-high-level[/\\]src[/\\]test[/\\]java[/\\]org[/\\]elasticsearch[/\\]client[/\\]documentation[/\\]ClusterClientDocumentationIT.java" id="SnippetLength" />
  <suppress files="client[/\\]rest-high-level[/\\]src[/\\]test[/\\]java[/\\]org[/\\]elasticsearch[/\\]client[/\\]documentation[/\\]GraphDocumentationIT.java" id="SnippetLength" />
  <suppress files="client[/\\]rest-high-level[/\\]src[/\\]test[/\\]java[/\\]org[/\\]elasticsearch[/\\]client[/\\]documentation[/\\]IndicesClientDocumentationIT.java" id="SnippetLength" />
  <suppress files="client[/\\]rest-high-level[/\\]src[/\\]test[/\\]java[/\\]org[/\\]elasticsearch[/\\]client[/\\]documentation[/\\]IngestClientDocumentationIT.java" id="SnippetLength" />
  <suppress files="client[/\\]rest-high-level[/\\]src[/\\]test[/\\]java[/\\]org[/\\]elasticsearch[/\\]client[/\\]documentation[/\\]LicensingDocumentationIT.java" id="SnippetLength" />
  <suppress files="client[/\\]rest-high-level[/\\]src[/\\]test[/\\]java[/\\]org[/\\]elasticsearch[/\\]client[/\\]documentation[/\\]MigrationDocumentationIT.java" id="SnippetLength" />
  <suppress files="client[/\\]rest-high-level[/\\]src[/\\]test[/\\]java[/\\]org[/\\]elasticsearch[/\\]client[/\\]documentation[/\\]MigrationClientDocumentationIT.java" id="SnippetLength" />
  <suppress files="client[/\\]rest-high-level[/\\]src[/\\]test[/\\]java[/\\]org[/\\]elasticsearch[/\\]client[/\\]documentation[/\\]MiscellaneousDocumentationIT.java" id="SnippetLength" />
  <suppress files="client[/\\]rest-high-level[/\\]src[/\\]test[/\\]java[/\\]org[/\\]elasticsearch[/\\]client[/\\]documentation[/\\]MlClientDocumentationIT.java" id="SnippetLength" />
  <suppress files="client[/\\]rest-high-level[/\\]src[/\\]test[/\\]java[/\\]org[/\\]elasticsearch[/\\]client[/\\]documentation[/\\]RollupDocumentationIT.java" id="SnippetLength" />
  <suppress files="client[/\\]rest-high-level[/\\]src[/\\]test[/\\]java[/\\]org[/\\]elasticsearch[/\\]client[/\\]documentation[/\\]SearchDocumentationIT.java" id="SnippetLength" />
  <suppress files="client[/\\]rest-high-level[/\\]src[/\\]test[/\\]java[/\\]org[/\\]elasticsearch[/\\]client[/\\]documentation[/\\]SecurityDocumentationIT.java" id="SnippetLength" />
  <suppress files="client[/\\]rest-high-level[/\\]src[/\\]test[/\\]java[/\\]org[/\\]elasticsearch[/\\]client[/\\]documentation[/\\]SnapshotClientDocumentationIT.java" id="SnippetLength" />
  <suppress files="client[/\\]rest-high-level[/\\]src[/\\]test[/\\]java[/\\]org[/\\]elasticsearch[/\\]client[/\\]documentation[/\\]StoredScriptsDocumentationIT.java" id="SnippetLength" />
  <suppress files="client[/\\]rest-high-level[/\\]src[/\\]test[/\\]java[/\\]org[/\\]elasticsearch[/\\]client[/\\]documentation[/\\]TasksClientDocumentationIT.java" id="SnippetLength" />
  <suppress files="client[/\\]rest-high-level[/\\]src[/\\]test[/\\]java[/\\]org[/\\]elasticsearch[/\\]client[/\\]documentation[/\\]WatcherDocumentationIT.java" id="SnippetLength" />
  <suppress files="modules[/\\]reindex[/\\]src[/\\]test[/\\]java[/\\]org[/\\]elasticsearch[/\\]client[/\\]documentation[/\\]ReindexDocumentationIT.java" id="SnippetLength" />

  <!-- Gradle requires inputs to be seriablizable -->
  <suppress files="buildSrc[/\\]src[/\\]main[/\\]java[/\\]org[/\\]elasticsearch[/\\]gradle[/\\]precommit[/\\]TestingConventionRule.java" checks="RegexpSinglelineJava" />
</suppressions>
